Date,Open,High,Low,Close,Volume
2021-01-01,72.18470,77.38339,72.04589,76.41861,12335845
2021-01-04,81.20083,81.20083,78.29263,79.41010,10342925
2021-01-05,77.56385,79.41011,77.04328,77.48750,3729224
2021-01-06,79.81961,80.17359,77.73736,78.70213,6283154
2021-01-07,79.81960,79.81960,76.42553,77.79288,4186488
2021-01-08,78.07051,79.36844,77.45971,79.03529,2002265
2021-01-11,80.51369,80.65250,78.43838,78.83401,2984995
2021-01-12,78.84788,80.79131,78.61189,80.29157,4045190
2021-01-13,81.27720,81.90187,79.59057,80.43736,2968465
2021-01-14,80.16665,80.34017,78.70907,78.88953,1674716
2021-01-15,79.32681,79.47256,78.75072,78.83401,1159144
2021-01-18,78.14684,78.36201,76.64068,76.96690,1847870
2021-01-19,76.34920,80.16666,75.87028,78.06359,3553715
2021-01-20,78.08441,78.08441,76.03687,76.41861,4157517
2021-01-21,76.34919,77.39031,76.34919,76.61294,1032668
2021-01-22,76.59211,76.93915,75.72451,76.04379,1769105
2021-01-25,76.21037,76.62682,75.13454,75.34277,1688323
2021-01-26,75.44688,76.00215,74.89162,75.15536,2174183
2021-01-27,75.30806,76.00215,74.82221,75.23171,2304601
2021-01-28,74.96101,75.30805,73.91989,74.06564,1992542
2021-01-29,73.74638,75.51630,73.71168,74.24612,4108810
2021-02-01,74.61397,75.02347,73.74636,73.91294,2035450
2021-02-02,74.96102,76.73093,74.05871,75.72451,4178836
2021-02-03,77.04328,77.18210,75.93275,76.63377,3572963
2021-02-04,79.19494,79.81267,78.04970,78.61191,7448787
2021-02-05,78.61191,78.61191,78.61191,78.61191,0
2021-02-08,79.47255,80.50673,78.77847,79.00057,2682481
2021-02-09,80.16664,80.30546,79.26433,79.37539,1829674
2021-02-10,79.13246,79.29210,77.70959,77.80676,1866865
2021-02-11,78.25793,78.43145,76.35614,77.31397,2177397
2021-02-12,77.39031,77.39031,74.78750,75.34277,1470778
2021-02-15,77.72348,78.77154,76.45331,77.90394,4335688
2021-02-16,78.43144,80.13194,77.74430,79.04917,7213885
2021-02-17,79.43787,79.43787,77.74431,78.00111,1318862
2021-02-18,78.77848,78.77848,76.80729,77.04327,1081394
2021-02-19,76.45330,77.34173,76.28672,76.97386,1031407
2021-02-22,77.32090,77.38337,75.13454,75.37746,1957035
2021-02-23,76.69623,76.97387,75.93274,76.10626,1585099
2021-02-24,76.26591,76.62683,74.27389,74.62093,2307881
2021-02-25,75.29419,75.55100,74.82221,75.18314,1512011
2021-02-26,75.30113,75.30113,71.97647,72.68444,3601810
2021-03-01,72.98289,73.19111,71.76824,72.51785,993856
2021-03-02,72.18469,74.26694,71.98341,73.15641,1627498
2021-03-03,73.56591,74.05871,72.21940,73.72556,849105
2021-03-04,71.83765,73.57286,71.83765,72.37904,1610733
2021-03-05,73.85049,75.23866,72.35821,74.33635,1858659
2021-03-08,76.48801,76.83506,72.98289,73.44793,2395827
2021-03-09,73.26053,74.19060,72.01118,72.50397,2853692
2021-03-10,72.32352,74.25308,71.48368,72.75385,1876974
2021-03-11,72.75382,72.75382,69.06824,69.62350,2084377
2021-03-12,70.78958,73.36463,69.75540,71.27544,2098877
2021-03-15,71.84460,72.45539,70.10245,71.33791,1932102
2021-03-16,71.49061,71.83765,70.58830,70.78958,1165356
2021-03-17,71.31015,71.96259,71.00476,71.33791,1355557
2021-03-18,71.41426,71.79601,70.44948,70.68547,1306093
2021-03-19,69.40836,70.49113,68.71428,69.38754,2677642
2021-03-22,69.41528,74.58620,69.06130,74.48209,8999850
2021-03-23,74.48209,74.48209,74.48209,74.48209,0
2021-03-24,73.04535,73.39933,72.11528,72.35821,3588046
2021-03-25,72.88571,73.88519,72.15692,72.37209,1560844
2021-03-26,72.18470,72.18470,71.49061,71.53226,1635638
2021-03-29,71.49061,71.49061,69.75540,70.27596,1232073
2021-03-30,70.72711,70.79652,69.75540,70.40089,909090
2021-03-31,70.79653,71.49061,69.41530,70.52583,1285499
2021-04-01,70.34536,71.45589,69.75539,70.08855,473705
2021-04-02,70.07468,70.75489,69.75540,69.89422,422249
2021-04-05,70.19959,70.20654,68.74896,68.92942,830819
2021-04-06,69.36672,70.36619,68.78368,69.79011,609550
2021-04-07,70.06774,70.09550,67.32611,67.73562,2110946
2021-04-08,68.42970,68.71428,67.74950,68.47829,828633
2021-04-09,69.12736,69.69884,68.47828,69.43074,365030
2021-04-12,69.28257,69.38840,68.22428,68.41478,660608
2021-04-13,68.36540,68.63349,68.08318,68.30895,869855
2021-04-14,68.21018,69.28258,68.21018,69.07092,1044382
2021-04-15,69.91755,70.19976,69.49424,69.82584,799784
2021-04-16,70.16450,70.19978,69.70591,69.88934,404713
2021-04-19,69.84700,69.84700,68.50650,69.33902,593737
2021-04-20,69.56479,70.02339,69.38841,69.45191,293095
2021-04-21,69.28257,69.28257,68.47827,68.69699,410307
2021-04-22,68.47121,68.74637,66.46752,66.82734,2251767
2021-04-23,66.31936,66.62273,65.19757,65.37395,1502618
2021-04-26,65.61385,70.27031,64.92243,70.17860,3393405
2021-04-27,70.02338,70.02338,65.96661,66.82030,3091962
2021-04-28,66.67212,67.02488,64.83775,65.11291,2343142
2021-04-29,65.61384,65.96660,65.11292,65.57856,938494
2021-04-30,65.67028,65.82550,64.20279,64.56261,1008579
2021-05-03,64.56262,65.25403,63.81476,64.23102,1255271
2021-05-04,64.66140,64.94362,64.34391,64.54147,478713
2021-05-05,65.96660,66.31937,64.97887,65.26108,684613
2021-05-06,65.89605,66.63685,65.08469,65.38101,1616453
2021-05-07,65.38101,65.38101,65.38101,65.38101,0
2021-05-10,65.38101,65.38101,65.38101,65.38101,0
2021-05-11,65.38101,65.38101,65.38101,65.38101,0
2021-05-12,65.38101,65.38101,65.38101,65.38101,0
2021-05-13,65.38101,65.38101,65.38101,65.38101,0
2021-05-14,65.38101,65.38101,65.38101,65.38101,0
2021-05-17,64.20281,65.38103,60.85156,62.35433,16646719
2021-05-18,62.82703,63.35618,62.08623,62.72120,8459795
2021-05-19,62.79173,64.40739,62.72118,63.32793,8450798
2021-05-20,63.49727,63.60310,62.07211,62.18499,4431796
2021-05-21,62.61536,64.20279,62.08622,63.49021,3512679
2021-05-24,64.63316,65.25402,63.15156,63.51138,14364647
2021-05-25,64.06170,64.41446,63.49727,63.59605,6728391
2021-05-26,63.67366,66.10772,63.67366,65.68440,9975856
2021-05-27,66.84852,67.01784,64.76722,65.71262,47490914
2021-05-28,66.46047,68.35834,66.00188,67.33533,16838692
2021-05-31,67.90680,69.00036,67.73747,68.78165,11393682
2021-06-01,69.67062,70.16449,69.14148,69.77645,8178191
2021-06-02,70.05867,70.05867,68.43596,68.77461,4758839
2021-06-03,69.21203,69.35313,68.43595,68.49944,4182795
2021-06-04,68.78870,69.42368,68.51355,68.76048,5314566
2021-06-07,69.76939,70.19976,68.45006,68.71816,5583015
2021-06-08,68.87339,68.87339,67.87154,68.07614,3438498
2021-06-09,68.65848,68.93168,66.03436,66.34351,6145834
2021-06-10,66.40101,66.81800,65.92651,66.14220,9639665
2021-06-11,66.42977,66.89708,66.01278,66.65983,5803980
2021-06-14,68.65847,71.65643,68.29900,71.65643,25332363
2021-06-15,72.97207,74.69752,71.71393,71.87210,12115901
2021-06-16,72.64857,73.25966,71.18194,71.54859,5458926
2021-06-17,71.15318,73.25966,70.99501,72.01590,6791321
2021-06-18,71.82180,72.97210,71.24665,71.36168,3151921
2021-06-21,71.74988,72.39692,71.16036,71.23943,3287354
2021-06-22,71.53422,71.89368,70.72900,70.83685,3768580
2021-06-23,71.25383,72.32504,70.45581,71.31853,10269396
2021-06-24,71.39043,72.07342,70.95907,71.13161,3856256
2021-06-25,71.16756,71.35448,70.20418,70.45581,4557299
2021-06-28,70.39112,70.74340,69.19768,69.57153,9473433
2021-06-29,70.18263,70.18263,67.43629,67.77419,11650517
2021-06-30,67.93953,69.01074,67.93953,68.32056,2548674
2021-07-01,68.87415,69.71531,68.73036,69.20486,2715616
2021-07-02,69.44929,69.73686,68.56500,68.79506,2991441
2021-07-05,69.08983,69.74406,68.44278,68.77350,10487721
2021-07-06,69.36303,69.66498,68.26305,68.50749,3304739
2021-07-07,68.32777,68.65128,67.58007,67.99706,1816655
2021-07-08,68.28461,69.66497,67.61600,68.79506,4420490
2021-07-09,68.45717,69.33428,68.00424,68.10490,2247855
2021-07-12,67.98266,69.52119,67.93953,68.06894,1757839
2021-07-13,67.79576,68.19117,67.61602,67.75262,2470198
2021-07-14,67.93954,68.01143,67.61602,67.71667,1844603
2021-07-15,67.78855,70.08914,67.58006,69.03950,6877597
2021-07-16,69.34145,69.52118,68.47873,68.85976,1351095
2021-07-19,69.55714,69.58590,68.80225,68.92448,1977976
2021-07-20,68.92448,68.92448,68.92448,68.92448,0
2021-07-21,68.92448,68.92448,68.92448,68.92448,0
2021-07-22,68.92448,68.92448,68.92448,68.92448,0
2021-07-23,68.92448,68.92448,68.92448,68.92448,0
2021-07-26,69.09702,69.23362,67.58006,67.83888,5130885
2021-07-27,67.86764,68.44279,67.58007,67.68072,918368
2021-07-28,67.93234,68.01142,66.94021,67.15589,1054649
2021-07-29,67.01210,67.75980,66.68139,67.00491,2330149
2021-07-30,67.18467,68.28465,67.00493,67.14153,3858764
2021-08-02,67.50099,67.79576,67.40034,67.60883,1341589
2021-08-03,67.78857,67.78857,66.86114,67.12715,2492393
2021-08-04,67.01209,67.40032,66.82516,66.91144,2693104
2021-08-05,66.86113,66.96897,66.73172,66.87550,1122036
2021-08-06,66.99773,67.32844,66.80361,66.88270,1041317
2021-08-09,66.90428,67.17028,66.14220,66.34351,1296531
2021-08-10,66.34349,66.59511,65.96245,66.26440,1300537
2021-08-11,66.26440,66.68139,65.99840,66.11343,667085
2021-08-12,66.20690,66.35069,65.78273,65.96246,1545837
2021-08-13,65.93370,66.02716,65.31542,65.40888,454529
2021-08-16,65.07098,65.42326,64.56053,65.18600,1015930
2021-08-17,65.42326,65.63175,65.13568,65.34418,765656
2021-08-18,65.34418,65.34418,65.34418,65.34418,0
2021-08-19,65.34418,65.34418,65.34418,65.34418,0
2021-08-20,65.20757,65.42325,64.85529,65.02783,539327
2021-08-23,65.42325,68.29900,65.02784,67.16308,3574314
2021-08-24,67.40033,67.58007,66.67421,66.81081,1478566
2021-08-25,66.82518,67.49379,66.53761,66.71015,1774186
2021-08-26,66.68140,67.14871,65.94809,66.10625,906337
2021-08-27,66.13499,66.13499,64.92718,65.41605,1831637
2021-08-30,65.60298,67.57287,65.60298,66.62387,2555308
2021-08-31,66.64544,67.24935,66.21408,66.76048,1163744
2021-09-01,67.22059,67.47222,66.76047,66.83955,1378657
2021-09-02,66.76047,66.76047,65.50233,65.71082,1049966
2021-09-03,65.78273,66.42258,65.13568,65.55986,1741010
2021-09-06,65.40167,66.28596,65.40167,65.75395,912364
2021-09-07,65.78272,65.78272,64.71150,65.07816,1075007
2021-09-08,65.06378,65.42325,62.90697,63.35271,3841170
2021-09-09,63.62592,64.30890,63.38148,63.66187,1529209
2021-09-10,63.62591,64.41674,63.62591,63.97819,1755763
2021-09-13,64.51739,65.07816,64.12917,64.38080,1570144
2021-09-14,64.59647,65.20757,63.17298,63.30957,2993014
2021-09-15,63.69781,63.69781,62.54751,62.95012,1078705
2021-09-16,63.33114,64.52458,63.10828,64.10760,4201784
2021-09-17,64.34484,64.99189,63.44617,63.82721,3501545
2021-09-20,64.20107,64.20107,62.69130,62.82071,1106377
2021-09-21,63.19456,63.19456,61.11683,61.79982,1880219
2021-09-22,61.75668,61.90047,60.53449,61.17434,2706271
2021-09-23,61.32531,61.79262,58.23388,59.98090,3059990
2021-09-24,60.39069,60.82205,59.63580,60.56323,2210113
2021-09-27,61.03774,61.46910,60.31880,60.83644,2957017
2021-09-28,60.67828,60.75017,58.41363,59.95215,7349133
2021-09-29,59.67176,60.03123,58.37767,58.65805,6406389
2021-09-30,58.32017,61.03775,57.94632,60.24692,3986605
2021-10-01,60.35475,60.35475,59.42014,59.75085,1223045
2021-10-04,59.85149,60.05279,59.49202,59.95933,1085134
2021-10-05,60.24690,60.24690,58.19074,58.34172,3965185
2021-10-06,58.59336,59.85150,58.35611,58.52147,3174188
2021-10-07,58.86655,59.20445,58.39924,58.48551,947091
2021-10-08,58.84498,58.84498,58.30578,58.59335,2917327
2021-10-11,58.60054,59.31229,58.44238,58.76590,1850337
2021-10-12,58.95282,59.16851,58.11167,58.83779,2561805
2021-10-13,58.52146,59.81555,57.88161,58.25546,2533731
2021-10-14,57.89599,59.30510,57.68031,58.77309,2718612
2021-10-15,59.09661,61.07369,58.59336,60.53448,4721041
2021-10-18,60.21096,64.34485,59.85868,61.91484,5744903
2021-10-19,61.91484,61.91484,61.91484,61.91484,0
2021-10-20,62.55872,62.66848,61.38804,61.53437,1313329
2021-10-21,61.82704,63.79527,61.57096,62.88798,3614738
2021-10-22,62.84407,62.84407,61.38802,61.77581,1986965
2021-10-25,62.03190,62.55871,61.64411,61.77581,761334
2021-10-26,62.84408,62.84408,61.10269,61.26366,601163
2021-10-27,62.55872,62.55872,61.28560,61.57095,939830
2021-10-28,61.46851,62.33921,61.13194,61.89288,1358121
2021-10-29,62.00996,62.92456,62.00996,62.36848,2381766
2021-11-01,62.92455,65.11228,62.81480,64.38792,4670531
2021-11-02,64.53425,65.62446,64.03671,64.28548,3228702
2021-11-03,64.24160,64.24160,62.63922,63.23920,8389963
2021-11-04,63.14406,63.43673,62.63188,63.31234,4435522
2021-11-05,62.99773,64.31476,62.99773,64.10989,4691853
2021-11-08,64.55785,64.55785,63.12439,63.37823,1229180
2021-11-09,63.46035,63.67686,61.74319,62.05676,2270370
2021-11-10,62.49725,63.46036,62.38526,63.32597,1513019
2021-11-11,63.08704,63.46034,62.21353,62.34792,1337772
2021-11-12,61.96716,62.04182,60.66062,60.75022,1752873
2021-11-15,60.70542,61.59387,60.51131,60.79502,689072
2021-11-16,61.18323,63.82616,61.18323,63.28115,2262921
2021-11-17,62.90041,63.07960,62.34047,62.69884,948047
2021-11-18,62.71375,62.71375,61.82531,62.60923,1558134
2021-11-19,62.56445,63.83365,62.34047,62.93774,6338668
2021-11-22,62.71375,63.31103,61.96716,62.67642,2249792
2021-11-23,63.07213,63.10945,61.11605,61.22804,1841420
2021-11-24,61.34748,62.11647,60.54863,61.35495,4921535
2021-11-25,61.51175,61.51175,60.48146,60.92194,1246576
2021-11-26,60.55610,61.06378,59.72738,60.01108,1999175
2021-11-29,59.35409,61.81038,59.35409,61.51921,3427846
2021-11-30,62.35539,63.90831,62.01943,63.40809,9514821
2021-12-01,63.37822,63.37822,62.30312,62.58683,1670063
2021-12-02,62.58682,62.58682,58.80160,59.42127,4286061
2021-12-03,59.50341,60.35453,58.68216,59.54821,2906716
2021-12-06,59.72739,60.83235,58.79415,60.51131,1697795
2021-12-07,60.73529,64.92368,60.73529,63.07959,7907015
2021-12-08,63.45289,64.39360,62.05677,63.68434,3556607
2021-12-09,63.35583,65.69266,63.31103,64.72209,7789954
2021-12-10,64.58024,65.21485,63.83365,64.36373,2153798
2021-12-13,64.20694,64.24427,62.60176,62.75854,888232
2021-12-14,63.23638,63.27371,61.11606,62.17622,3152851
2021-12-15,62.71375,64.77435,62.01196,63.84111,4636889
2021-12-16,63.90830,63.90830,62.37779,62.62416,1344460
2021-12-17,62.34794,64.08749,62.04183,63.31104,2759264
2021-12-20,63.38570,64.02030,62.78842,63.71420,1736143
2021-12-21,63.75900,64.39360,62.78843,63.12440,1127439
2021-12-22,63.27370,64.99086,63.27370,64.71462,5580283
2021-12-23,65.30444,66.06596,64.58024,64.72956,1850655
2021-12-24,64.87139,65.21483,63.84110,64.43091,574760
2021-12-27,64.64743,64.65489,63.64699,63.84857,392903
2021-12-28,64.20693,64.65488,63.90829,64.05761,768946
2021-12-29,63.83364,64.54290,63.79631,64.10242,754601
2021-12-30,63.87098,64.46825,63.23637,63.41556,1399405
2021-12-31,62.86308,65.17752,62.82575,64.35626,3368560
2022-01-03,64.54291,65.43882,64.32640,64.84901,2288947
2022-01-04,65.21484,65.92410,65.08045,65.64040,1970237
2022-01-05,65.92410,66.37206,65.40149,65.67773,1875335
2022-01-06,65.67774,65.70014,64.63251,64.96848,619510
2022-01-07,65.25217,65.62546,64.96846,65.34922,782135
2022-01-10,65.34922,66.33472,64.99832,65.66279,2180857
2022-01-11,65.69266,66.01369,64.84154,65.17004,1008011
2022-01-12,65.40150,66.74536,65.39403,66.05103,4364604
2022-01-13,65.88677,66.44672,65.77478,65.90170,977741
2022-01-14,66.44673,67.00667,66.07343,66.22275,3533970
2022-01-17,66.44672,66.59603,65.17751,65.99876,856159
2022-01-18,66.29740,67.02159,65.92410,66.30486,3313419
2022-01-19,66.67816,67.08132,65.33430,65.76732,3512725
2022-01-20,65.75985,66.36459,65.02819,65.95396,2283068
2022-01-21,65.88678,66.33473,65.47615,65.55827,635622
2022-01-24,65.96142,66.02861,65.25216,65.69264,623694
2022-01-25,65.71505,66.07342,65.17751,65.34922,2371627
2022-01-26,65.47615,65.62547,64.76689,64.89381,1153802
2022-01-27,65.02820,65.58814,64.58024,64.91621,1331729
2022-01-28,64.95353,65.52840,64.29653,64.40105,2530451
2022-01-31,64.97595,65.14021,64.58026,64.98342,1115476
2022-02-01,65.32683,65.84944,64.96846,65.79718,1063564
2022-02-02,66.07340,67.11863,65.78223,66.89465,2264735
2022-02-03,67.34263,67.45462,65.70759,65.95396,1403327
2022-02-04,66.55871,67.92498,66.22274,66.82748,7935067
2022-02-07,67.00668,68.56705,66.89469,68.33561,5926878
2022-02-08,68.38038,68.98512,67.79058,68.11161,2803404
2022-02-09,68.20119,69.61972,67.82790,68.44010,5310348
2022-02-10,68.31321,69.05980,67.75327,67.85779,3345536
2022-02-11,67.60392,68.27585,66.93199,67.17090,1301741
2022-02-14,67.37250,67.60395,66.59604,66.86481,2267567
2022-02-15,67.08133,67.30531,66.26008,66.44672,915389
2022-02-16,66.59603,66.70055,65.81211,66.31979,552856
2022-02-17,65.94650,67.04400,65.70013,66.21528,2142672
2022-02-18,65.88677,67.70099,65.88677,67.31277,2067350
2022-02-21,67.71592,68.79848,66.93200,67.33516,2214161
2022-02-22,67.19331,67.55913,65.99876,66.63336,2113420
2022-02-23,66.78268,67.49195,65.04313,66.35712,3938075
2022-02-24,65.88678,65.88678,64.46825,65.09539,2314921
2022-02-25,65.32682,65.66278,64.05761,64.28159,2027329
2022-02-28,64.58023,65.84944,63.64699,65.55080,2326644
2022-03-01,70.46338,70.46338,68.12655,68.40279,11205457
2022-03-02,67.93991,70.18716,67.56662,69.42563,7390044
2022-03-03,69.72425,71.34436,69.61973,70.91134,11658343
2022-03-04,70.55297,71.67286,70.29167,70.76949,3900595
2022-03-07,70.92965,71.57793,67.58147,69.28225,6335213
2022-03-08,68.94669,69.40430,67.87893,68.11536,2525207
2022-03-09,68.26027,68.60347,66.96371,68.11536,4171859
2022-03-10,68.75599,68.87040,67.78738,68.41278,1132010
2022-03-11,68.18400,68.87041,67.42131,67.87129,1164457
2022-03-14,68.26024,68.26024,66.54420,66.77301,1353967
2022-03-15,67.10861,67.25352,65.28579,66.00272,1262623
2022-03-16,66.34592,66.71964,65.78154,66.11712,741116
2022-03-17,66.13236,66.61285,65.40018,65.49933,574677
2022-03-18,65.20952,65.20952,62.61639,62.91384,3365301
2022-03-21,63.98159,65.55272,63.37907,63.63076,3910864
2022-03-22,63.92058,64.33243,63.11214,63.26467,1370318
2022-03-23,63.26467,63.26467,63.26467,63.26467,0
2022-03-24,63.22654,63.64602,62.76893,63.50873,768055
2022-03-25,63.64602,63.76042,62.92910,63.01300,633633
2022-03-28,63.30282,64.37058,62.54013,64.11889,1086114
2022-03-29,64.44683,64.82817,64.06549,64.56886,1162071
2022-03-30,64.40871,64.40871,62.92910,63.36383,1819695
2022-03-31,63.22654,63.67652,63.22654,63.40195,1295794
2022-04-01,63.30281,63.91296,63.15028,63.34095,993326
2022-04-04,61.76982,62.79945,61.24357,61.64780,1626371
2022-04-05,62.00625,62.23505,61.12916,61.47999,600492
2022-04-06,61.16729,62.80706,60.55715,60.72494,2507663
2022-04-07,61.01475,61.05288,60.25206,60.42748,1446029
2022-04-08,59.71820,61.31221,59.71820,61.18255,2141815
2022-04-11,62.92146,63.87481,62.54011,63.55449,3961781
2022-04-12,64.05025,64.05025,62.84521,63.24180,1576604
2022-04-13,63.48586,63.68416,62.69266,62.90622,2138464
2022-04-14,63.03587,63.16552,62.47149,62.56300,1867346
2022-04-15,62.84520,63.11214,62.23505,62.45623,1128595
2022-04-18,62.62403,67.13912,62.56302,67.00947,14234819
2022-04-19,67.09336,67.78740,65.40020,65.62138,4419457
2022-04-20,65.74340,66.12475,64.08075,64.37820,1758882
2022-04-21,64.06549,64.67564,63.83668,64.40107,675099
2022-04-22,64.43920,65.69763,63.92820,65.16375,1527981
2022-04-25,65.97219,66.65861,65.62899,65.75864,1239041
2022-04-26,65.75103,65.75103,64.67565,64.85107,783135
2022-04-27,65.43070,66.42981,64.14939,64.91207,2524399
2022-04-28,64.46971,65.43832,63.91296,64.49259,1978240
2022-04-29,64.49259,64.49259,64.49259,64.49259,0
2022-05-02,64.49259,64.49259,64.49259,64.49259,0
2022-05-03,64.49259,64.49259,64.49259,64.49259,0
2022-05-04,64.49259,64.49259,64.49259,64.49259,0
2022-05-05,64.49259,64.49259,64.49259,64.49259,0
2022-05-06,64.40869,64.44683,63.30280,63.33331,2040410
2022-05-09,63.23417,63.33331,60.63341,60.89272,3524752
2022-05-10,60.89272,61.66303,60.18342,60.80120,2249661
2022-05-11,61.41138,61.61992,60.80120,60.96340,4651599
2022-05-12,61.13332,61.21056,59.66581,60.50769,2260989
2022-05-13,61.48088,63.91386,61.48088,62.93295,3637398
2022-05-16,62.63946,62.63946,60.94024,61.24146,1955736
2022-05-17,61.44228,61.77440,61.01748,61.09471,565021
2022-05-18,61.09470,61.69715,60.36867,60.82437,882579
2022-05-19,60.94023,61.39593,60.55405,60.66990,916729
2022-05-20,60.63128,61.09470,60.33005,60.89388,992406
2022-05-23,60.39956,60.73941,59.41093,59.50361,1161818
2022-05-24,59.47273,60.09063,59.24102,59.43411,489413
2022-05-25,59.27963,59.31052,57.73488,58.05928,3937019
2022-05-26,58.37595,58.70034,57.54951,58.07472,4567957
2022-05-27,59.07881,60.53088,59.07881,59.48817,4250275
2022-05-30,61.40365,63.10286,60.53859,61.79756,8486888
2022-05-31,62.79394,63.72078,61.98294,62.62401,6257934
2022-06-01,62.21464,62.94839,61.32641,61.51178,1483402
2022-06-02,61.63537,61.94431,59.43410,60.17558,3754097
2022-06-03,60.24509,60.43818,58.77758,59.28735,1294683
2022-06-06,59.47272,60.70851,59.09426,60.20647,1271660
2022-06-07,60.51543,60.94796,60.24510,60.56950,687770
2022-06-08,60.59266,60.86299,59.86663,60.54632,1095509
2022-06-09,60.47682,62.17604,60.43820,61.00975,1742559
2022-06-10,61.13332,62.56221,60.47681,62.26871,1746967
2022-06-13,62.40775,62.40775,59.62720,59.85892,2113031
2022-06-14,59.85891,61.00974,59.78167,60.77803,1856137
2022-06-15,60.77031,62.33050,60.63128,61.87480,3089634
2022-06-16,62.02154,63.72076,61.59674,62.90977,4484707
2022-06-17,63.02564,65.34276,63.02564,63.73622,5536222
2022-06-20,64.10697,64.29234,62.90979,63.09516,1385672
2022-06-21,63.60493,64.48543,62.67808,64.16876,3035631
2022-06-22,64.87934,65.18056,63.68216,64.08379,2041969
2022-06-23,64.03746,64.91796,63.72078,64.09152,2674158
2022-06-24,64.18420,64.18420,59.28736,61.32642,6788080
2022-06-27,61.48089,62.17602,60.59266,61.00202,2192878
2022-06-28,61.69715,61.69715,60.28371,60.59266,1868558
2022-06-29,61.01747,61.17194,59.78167,59.91298,2256249
2022-06-30,59.91297,61.69715,59.55768,60.76258,4790126
2022-07-01,60.76257,61.01745,60.09061,60.28370,1139618
2022-07-04,60.05200,60.63128,59.85891,59.93614,468516
2022-07-05,59.93614,60.20647,59.47272,59.50361,786372
2022-07-06,59.70443,59.93614,59.48044,59.76622,312691
2022-07-07,59.60404,63.14151,59.48046,62.14515,5795311
2022-07-08,62.14515,62.14515,62.14515,62.14515,0
2022-07-11,62.14515,62.14515,62.14515,62.14515,0
2022-07-12,62.14515,62.14515,62.14515,62.14515,0
2022-07-13,61.78985,65.49724,61.78985,64.59356,9979259
2022-07-14,65.65171,65.65171,64.65535,64.94113,4360091
2022-07-15,64.94884,64.94884,63.76711,63.88297,1668315
2022-07-18,63.21873,63.21873,62.17603,62.50815,1649733
2022-07-19,62.55449,63.10288,59.93615,60.49226,3402840
2022-07-20,60.54633,62.33051,59.89754,61.91344,3546551
2022-07-21,61.71259,62.10651,60.25281,60.83981,2175720
2022-07-22,61.75122,62.14513,60.51542,61.86707,2619804
2022-07-25,61.40366,61.78984,60.82438,61.34959,809586
2022-07-26,60.75486,62.40773,60.75486,61.79756,2725853
2022-07-27,62.09878,62.52358,61.32641,61.92113,1988791
2022-07-28,61.92114,63.33458,61.92114,62.56221,2372179
2022-07-29,62.90978,62.90978,61.81301,62.11424,1422768
2022-08-01,62.17602,62.63944,61.78984,62.17602,919957
2022-08-02,61.89797,62.48498,61.78984,61.89797,1497420
2022-08-03,62.46953,63.45045,61.98294,62.94840,3945301
2022-08-04,63.18012,63.83664,63.02564,63.48135,2751781
2022-08-05,63.48134,64.28461,62.79393,63.86753,3333864
2022-08-08,63.86753,63.86753,63.86753,63.86753,0
2022-08-09,63.86753,63.86753,63.86753,63.86753,0
2022-08-10,65.12648,66.99562,64.99518,65.45087,7617652
2022-08-11,65.65171,65.99156,65.07243,65.28870,1933226
2022-08-12,65.64399,67.87615,65.38138,67.55175,6862248
2022-08-15,68.04607,68.74120,66.88751,67.52085,6997128
2022-08-16,67.73712,68.20054,66.81027,67.08833,3751148
2022-08-17,66.88750,67.06515,66.42408,66.52448,2225078
2022-08-18,66.53994,66.96474,65.49723,65.81390,3048758
2022-08-19,65.65944,66.26962,65.16512,65.47407,856995
2022-08-22,65.14966,65.65170,63.83663,64.14558,3603096
2022-08-23,64.80208,65.65169,64.64761,65.42770,2698387
2022-08-24,65.26551,65.88342,64.87933,65.08015,646553
2022-08-25,64.80209,65.25007,64.57038,64.92567,1209208
2022-08-26,64.87933,65.18828,63.79800,63.92931,1771063
2022-08-29,63.99110,66.42408,62.64717,63.19556,1874621
2022-08-30,64.72486,64.76348,62.66262,62.80165,1756142
2022-08-31,62.56220,64.18418,62.56220,63.48905,1044019
2022-09-01,64.10696,64.10696,63.14149,63.18783,1153468
2022-09-02,63.52768,63.52768,62.56222,62.73986,615400
2022-09-05,62.74758,62.83254,61.79756,61.85935,1439261
2022-09-06,61.88252,62.25326,61.73577,62.03699,999785
2022-09-07,62.40775,62.40775,61.40366,61.66626,712302
2022-09-08,61.71259,62.17602,61.63536,61.92113,1449141
2022-09-09,62.21464,62.21464,61.40364,61.51178,1147183
2022-09-12,61.63538,61.85936,61.00203,61.04837,572401
2022-09-13,61.40365,61.40365,60.64673,60.72397,654071
2022-09-14,60.59267,61.78985,60.36096,61.29553,1118996
2022-09-15,61.78984,61.78984,60.28372,60.39957,1750164
2022-09-16,60.86300,60.86300,59.27963,60.55405,2499800
2022-09-19,60.63128,60.86299,60.15241,60.22965,736086
2022-09-20,60.24509,60.47680,58.32188,58.59993,1581672
2022-09-21,58.63083,59.08653,54.93117,55.99704,3471806
2022-09-22,55.18606,57.44911,54.87711,56.97024,2980991
2022-09-23,57.92797,58.35278,56.38323,56.63811,4149061
2022-09-26,56.76942,57.54180,56.76942,56.90845,1295266
2022-09-27,57.46455,61.01747,57.07837,59.14833,2822998
2022-09-28,59.23328,60.09062,58.54587,59.02474,2048636
2022-09-29,58.70035,59.08654,57.93570,58.54588,1107643
2022-09-30,58.53816,59.07110,57.95888,58.48410,1463910
2022-10-03,58.46092,58.69263,57.92798,58.03611,751886
2022-10-04,57.97431,58.30643,57.54179,57.72715,596467
2022-10-05,57.92797,58.11334,57.52634,57.61130,519520
2022-10-06,57.54179,59.24101,57.54179,58.87800,1766625
2022-10-07,58.39911,59.31051,58.15968,58.29098,789060
2022-10-10,58.31417,59.82029,58.31417,58.97841,2201264
2022-10-11,59.09426,60.16785,59.09426,59.41865,2725856
2022-10-12,59.27963,59.62719,59.08653,59.21783,1067530
2022-10-13,59.47272,59.74305,58.97068,59.10970,3945656
2022-10-14,59.56483,59.64467,58.68653,59.01390,2147880
2022-10-17,59.00591,59.08575,57.64853,57.79225,836345
2022-10-18,57.84815,58.60669,57.32916,57.49683,1211234
2022-10-19,57.34513,58.36715,57.34513,58.21545,1189977
2022-10-20,58.48690,58.76636,57.64852,57.72038,1061325
2022-10-21,57.95992,58.92606,57.35310,58.25536,4553831
2022-10-24,59.04582,59.28536,58.25535,58.45497,1265381
2022-10-25,58.38311,59.79637,58.36713,58.46295,4391704
2022-10-26,58.09566,58.12760,57.00976,57.18542,1759687
2022-10-27,57.40900,57.40900,56.57062,56.95388,1310959
2022-10-28,56.95387,57.07364,56.09154,56.24324,928073
2022-10-31,56.61054,56.77023,55.81208,55.93983,1568147
2022-11-01,56.17138,56.68239,55.89192,56.63448,1561100
2022-11-02,56.49876,57.40102,56.49876,57.06567,1403371
2022-11-03,57.40101,57.97590,57.06566,57.69644,3215528
2022-11-04,57.68826,57.85191,57.27912,57.56551,851616
2022-11-07,57.93375,58.43289,57.77827,57.99920,1189278
2022-11-08,58.30196,59.16115,58.22013,58.64563,967994
2022-11-09,58.64563,58.64563,58.64563,58.64563,0
2022-11-10,58.71110,62.10694,58.71110,60.59314,12082071
2022-11-11,60.87952,64.22625,60.26582,63.80075,12535792
2022-11-14,63.00703,63.98895,62.19694,62.38514,4367124
2022-11-15,62.51607,64.35718,62.29513,62.85155,6570407
2022-11-16,63.00703,63.57982,61.94327,62.22967,2408954
2022-11-17,62.58970,62.59789,61.25592,61.42776,1306240
2022-11-18,61.16592,61.61598,60.59314,60.87135,1895748
2022-11-21,60.92043,61.37049,60.55221,60.98590,747024
2022-11-22,61.20684,61.48505,60.47039,60.57676,1832635
2022-11-23,60.79769,60.91224,60.38855,60.54402,661563
2022-11-24,60.55221,60.96135,60.22490,60.56857,1602557
2022-11-25,61.16592,61.45231,60.63404,60.77314,2351914
2022-11-28,60.11852,60.30672,58.89929,59.10386,2333164
2022-11-29,59.25116,59.89759,59.01386,59.43118,1297750
2022-11-30,59.61119,59.84030,59.03840,59.37389,1254629
2022-12-01,59.72576,59.93851,59.24298,59.29207,2715962
2022-12-02,59.21025,59.52937,58.72746,59.26752,1145494
2022-12-05,58.92385,59.16115,58.50652,58.62108,692614
2022-12-06,58.83383,58.91566,57.68825,58.46561,957355
2022-12-07,58.91567,59.03841,57.97465,58.20377,1823903
2022-12-08,58.46562,58.50653,58.09740,58.27742,1395145
2022-12-09,58.38378,60.06124,58.16285,58.84202,3443549
2022-12-12,59.03841,59.48846,58.83385,58.99750,1482364
2022-12-13,58.99748,59.32479,58.42469,58.58016,709841
2022-12-14,58.35105,60.22490,58.14649,59.78303,3095047
2022-12-15,59.73394,59.89759,58.17922,59.03841,2101633
2022-12-16,59.21843,59.52118,58.26104,59.34116,753472
2022-12-19,59.22660,59.81576,58.58835,58.70291,1171096
2022-12-20,58.90748,59.07114,56.46085,57.39368,1992528
2022-12-21,56.95180,57.89282,56.86998,57.09091,935392
2022-12-22,57.68825,60.14307,57.68825,59.12023,3719850
2022-12-23,58.91566,60.13489,58.76019,59.71758,2677053
2022-12-26,60.30672,63.04794,60.14307,62.90065,7699788
2022-12-27,62.91702,63.29343,61.24774,61.46049,2590526
2022-12-28,60.65859,62.10694,60.55222,61.59142,2684756
2022-12-29,62.06601,63.00703,61.54232,62.56516,3601912
2022-12-30,62.56517,66.83656,62.56517,65.18365,10287417
2023-01-02,64.72541,67.63028,64.65177,65.64188,7749060
2023-01-03,65.87100,66.19831,65.06909,65.41277,1858912
2023-01-04,65.52731,66.19829,64.07078,64.27535,2277612
2023-01-05,64.64357,65.87098,64.56174,65.27364,3589864
2023-01-06,65.46185,67.91667,64.97089,67.35206,6016343
2023-01-09,67.33569,70.28966,67.10658,69.41411,9556450
2023-01-10,72.00803,72.00803,67.99031,69.08680,4541910
2023-01-11,69.92143,72.12259,69.38956,71.65617,12916671
2023-01-12,71.99987,72.98998,70.63335,71.00157,5546368
2023-01-13,70.28967,70.28967,66.77109,67.13113,6502396
2023-01-16,67.07386,67.07386,64.02988,64.65177,4066153
2023-01-17,65.15091,65.62551,59.86487,60.67496,5105207
2023-01-18,60.96136,62.87611,60.79771,62.26241,5724570
2023-01-19,62.67153,65.81370,62.67153,65.00362,10995702
2023-01-20,65.21636,66.11646,64.07078,64.85632,3449930
2023-01-23,65.46185,67.27841,65.06090,66.86928,3790890
2023-01-24,66.86929,69.91327,66.86929,69.14409,7615354
2023-01-25,70.37148,71.39432,69.79869,70.34693,5623599
2023-01-26,70.70698,71.31250,68.73494,70.61697,5701519
2023-01-27,70.73970,71.59889,69.47138,70.89517,4688381
2023-01-30,71.43524,72.39262,70.37148,70.59241,5019786
2023-01-31,70.69880,72.20442,70.00327,71.84438,4506916
2023-02-01,72.00804,73.07180,71.10794,71.43525,5230319
2023-02-02,70.96883,71.43525,69.47139,71.20612,5157941
2023-02-03,71.50890,71.51708,69.77416,70.32240,1261253
2023-02-06,75.59206,75.59206,74.63469,75.59206,10552549
2023-02-07,81.25453,81.25453,79.80618,81.25453,16106888
2023-02-08,80.19076,82.55557,77.98143,81.64729,22259031
2023-02-09,83.46385,87.76797,82.40010,86.69603,18217949
2023-02-10,83.46386,89.68273,81.42636,82.69468,38731937
2023-02-13,81.82730,82.23644,79.61797,80.84538,15131425
2023-02-14,81.81912,81.81912,76.11575,76.86857,12752194
2023-02-15,76.50035,78.96336,75.54297,78.37420,7173531
2023-02-16,78.71788,79.29067,76.09940,76.40217,6685151
2023-02-17,76.14849,77.72776,76.10758,77.39227,4774367
2023-02-20,77.22861,77.32680,72.82630,73.41546,5383683
2023-02-21,74.19282,75.03564,73.72640,74.65105,3211839
2023-02-22,74.65923,75.15838,72.50718,74.28283,10388052
2023-02-23,73.97191,73.97191,71.89349,72.52356,5525692
2023-02-24,72.70356,73.21089,71.44342,71.72982,5213678
2023-02-27,71.35342,72.17169,69.96236,70.31422,2249423
2023-02-28,70.04418,70.77244,67.04112,67.60573,5333028
2023-03-01,67.10659,67.11476,64.97089,66.15739,6085035
2023-03-02,65.54368,67.91668,65.46186,67.13113,4211620
2023-03-03,66.16557,72.16352,66.16557,72.10624,13422769
2023-03-06,72.92074,75.44829,72.10623,72.62685,8787996
2023-03-07,73.22305,73.34900,71.20774,71.62759,3637278
2023-03-08,71.36728,73.64290,71.29171,72.45891,6363804
2023-03-09,72.88717,73.45817,72.34135,73.21465,2499392
2023-03-10,73.55053,73.67649,72.79480,72.95434,1839096
2023-03-13,74.94446,78.42087,74.94446,78.26132,18456595
2023-03-14,77.92545,78.09339,76.04449,77.08574,8699947
2023-03-15,76.90940,77.88347,76.41397,77.02696,4386458
2023-03-16,77.29565,77.58955,75.33911,75.63301,3082568
2023-03-17,75.91014,75.91014,74.31468,75.30554,4208478
2023-03-20,75.16279,75.16279,72.47570,72.91235,3771274
2023-03-21,73.05511,74.58338,72.55128,73.97039,3624109
2023-03-22,73.43297,74.48262,72.04745,72.20699,1725014
2023-03-23,72.20699,72.20699,72.20699,72.20699,0
2023-03-24,72.05583,72.21538,70.95581,71.09856,574968
2023-03-27,71.44286,72.04745,70.53597,71.21613,748707
2023-03-28,71.21613,71.77874,70.87185,70.96422,1064294
2023-03-29,71.28332,71.28332,70.13291,70.56956,999991
2023-03-30,70.94743,71.96348,70.24207,70.39322,3343193
2023-03-31,70.53596,70.77108,69.40235,69.99854,2441216
2023-04-03,70.72070,70.94742,69.69625,70.07412,1505351
2023-04-04,69.94817,69.94817,67.93286,69.20083,2765087
2023-04-05,69.27639,69.97335,68.04201,68.58782,4567822
2023-04-06,69.44434,73.72689,69.40236,73.34061,10588322
2023-04-07,73.65130,73.86962,70.95582,71.11536,4694653
2023-04-10,70.95581,71.27490,70.11610,70.22526,1166108
2023-04-11,70.77948,70.77948,69.52831,70.07412,782206
2023-04-12,69.78022,72.16501,69.73824,71.58561,2311136
2023-04-13,72.63525,73.50856,71.55202,72.06425,3918667
2023-04-14,72.06425,72.06425,72.06425,72.06425,0
2023-04-17,72.62684,72.80318,71.87949,72.14820,1493547
2023-04-18,72.46731,72.46731,71.72836,72.24059,1621594
2023-04-19,72.29097,72.80319,71.87951,72.53448,997745
2023-04-20,72.80318,73.60091,72.22378,73.39938,2875066
2023-04-21,73.39938,73.39938,73.39938,73.39938,0
2023-04-24,73.39938,73.39938,73.39938,73.39938,0
2023-04-25,73.39938,73.39938,73.39938,73.39938,0
2023-04-26,73.39938,74.01237,72.84517,73.10548,2650189
2023-04-27,73.39100,73.55894,72.65204,72.99633,3320080
2023-04-28,73.39098,73.45816,72.04744,72.19019,2370620
2023-05-01,72.19019,72.19019,72.19019,72.19019,0
2023-05-02,72.30776,72.53448,71.37568,71.49324,2335414
2023-05-03,71.50164,72.63525,71.24972,72.31616,3246696
2023-05-04,72.43371,72.62684,71.37567,71.53522,2517489
2023-05-05,71.52682,73.04670,71.33369,72.35814,3759969
2023-05-08,72.71835,72.81269,69.98251,70.40275,3969537
2023-05-09,70.53996,70.53996,68.35301,68.82471,6109361
2023-05-10,68.61031,69.21923,67.32387,67.43536,3068518
2023-05-11,67.75267,68.51596,67.40962,67.68406,2200473
2023-05-12,68.09573,68.58458,66.82643,67.10088,3755722
2023-05-15,67.06657,67.06657,65.52284,65.87447,4927429
2023-05-16,66.29471,68.52454,66.20894,68.27583,6272502
2023-05-17,68.78183,68.82471,66.80928,66.92935,2799253
2023-05-18,67.40962,67.40962,65.71152,65.89162,4997154
2023-05-19,65.86590,66.85217,65.86590,66.29472,2330981
2023-05-22,66.03741,66.42334,64.84531,65.16264,4488921
2023-05-23,65.16263,65.39418,64.32215,64.42506,3325975
2023-05-24,64.83673,65.42850,64.23640,64.45938,3246386
2023-05-25,64.92250,65.53142,64.41650,64.89677,3692857
2023-05-26,64.83673,64.93107,63.03571,63.55886,2702758
2023-05-29,63.80759,65.26556,63.55030,63.98769,4021878
2023-05-30,64.32216,65.74583,64.32216,64.99111,4514023
2023-05-31,65.09403,65.43708,63.89334,64.16779,3593659
2023-06-01,64.33075,64.87963,63.93624,64.51942,1397603
2023-06-02,64.63091,64.75098,64.23640,64.61375,842756
2023-06-05,65.52283,67.45250,64.83673,67.28097,8459334
2023-06-06,67.66692,68.95337,66.98939,67.29814,8973676
2023-06-07,67.29814,68.18149,66.46624,67.72695,2345653
2023-06-08,67.75267,68.82471,67.23809,67.42677,3834904
2023-06-09,67.56399,68.71321,67.32385,68.46450,4140321
2023-06-12,68.48166,68.61030,66.06314,66.44908,3523397
2023-06-13,67.10088,67.23811,66.10604,66.40620,1627614
2023-06-14,66.55198,67.10944,66.20893,66.60345,1488762
2023-06-15,66.06313,66.46622,65.39418,65.49710,2042241
2023-06-16,65.60862,66.24326,65.00828,65.17980,2068412
2023-06-19,65.60860,65.78012,62.69266,63.19867,3959904
2023-06-20,63.46453,64.52799,62.86420,64.33074,4484598
2023-06-21,64.75097,64.87961,63.25012,63.45594,3492226
2023-06-22,63.79042,64.32215,63.37876,63.86761,1012450
2023-06-23,64.32216,64.32216,63.29301,63.84189,2050520
2023-06-26,65.17979,66.76640,65.17979,66.27755,8154666
2023-06-27,66.14033,67.62403,65.60860,66.89504,10932081
2023-06-28,66.89504,66.89504,66.89504,66.89504,0
2023-06-29,66.89504,66.89504,66.89504,66.89504,0
2023-06-30,66.89504,66.89504,66.89504,66.89504,0
2023-07-03,71.91216,71.91216,71.91216,71.91216,1139805
2023-07-04,75.04252,75.04252,72.46963,73.09570,18359451
2023-07-05,73.67032,73.97048,71.68919,71.94648,6014874
2023-07-06,72.04080,74.57081,72.04080,73.87613,11511519
2023-07-07,73.92760,74.18490,72.89845,73.05283,2284433
2023-07-10,73.41303,73.67032,72.30668,72.59828,4910360
2023-07-11,72.94990,74.18489,72.21234,73.39587,8868315
2023-07-12,74.18489,75.23977,73.42160,74.69946,10791446
2023-07-13,75.45418,75.68574,74.18489,74.33926,10861164
2023-07-14,74.52794,74.52794,72.95848,73.15574,2116695
2023-07-17,73.32727,73.62743,72.64116,72.83842,4242706
2023-07-18,73.10427,73.24150,71.95506,72.19519,2567334
2023-07-19,72.59827,73.34440,72.05796,72.28094,7908623
2023-07-20,72.79552,73.97048,72.34956,73.56739,7304995
2023-07-21,74.09913,74.21062,72.92418,73.07855,5460130
2023-07-24,73.75608,74.61371,72.72692,73.15574,4833108
2023-07-25,73.54167,75.37700,73.34441,74.86242,13058495
2023-07-26,75.04252,75.29981,74.27066,74.45934,4726907
2023-07-27,74.45934,74.45934,74.45934,74.45934,0
2023-07-28,74.45934,74.45934,74.45934,74.45934,0
2023-07-31,79.75947,84.51931,79.75947,84.51931,22459291
2023-08-01,86.62051,87.03218,83.36152,83.98759,14887779
2023-08-02,84.09051,90.05103,83.96186,89.26201,28365714
2023-08-03,90.22255,92.36662,88.43011,89.41638,24521243
2023-08-04,89.19338,93.31000,89.18480,92.33231,27995429
2023-08-07,93.48154,95.62561,89.49356,90.53987,26010351
2023-08-08,89.19339,89.19339,83.74745,83.91898,27785286
2023-08-09,83.19000,90.21398,82.33237,89.49357,37776498
2023-08-10,91.78343,92.18652,84.99959,86.28603,22027805
2023-08-11,87.04933,91.08018,86.23459,88.73886,22570520
2023-08-14,88.73886,88.73886,88.73886,88.73886,0
2023-08-15,89.19340,89.19340,86.53475,86.85207,12071945
2023-08-16,86.62050,86.62050,83.87609,84.28775,10957134
2023-08-17,84.56220,85.66854,83.01847,85.35122,9372798
2023-08-18,85.77145,87.85549,84.58792,85.15396,19811273
2023-08-21,84.04762,84.89667,82.34094,82.70972,7312226
2023-08-22,82.33236,85.76287,82.33236,85.34264,13626842
2023-08-23,86.19168,86.44040,84.51931,85.81432,16050104
2023-08-24,86.19169,87.43525,85.93440,86.37179,12764451
2023-08-25,86.18311,86.18311,84.77660,85.06820,6372621
2023-08-28,84.91382,85.33406,82.97558,83.23287,5005999
2023-08-29,82.58965,83.44728,80.48846,82.05792,6318415
2023-08-30,81.95500,83.12996,79.76805,80.83151,6720973
2023-08-31,81.04591,82.52961,75.55709,79.71658,17491092
2023-09-01,80.18828,81.26032,79.03048,81.01160,4133540
2023-09-04,81.64625,82.31521,81.50045,81.88639,2749710
2023-09-05,82.16083,82.28947,80.22259,80.50561,3940168
2023-09-06,81.03735,82.07508,79.93101,81.50047,4240419
2023-09-07,81.60339,83.06136,80.71146,81.49190,7844273
2023-09-08,81.90353,82.70971,81.13167,82.29804,4333104
2023-09-11,82.67542,83.18142,81.55192,82.33237,6296596
2023-09-12,81.46616,81.46616,79.67372,80.06823,3443533
2023-09-13,79.88812,81.20029,79.88812,80.47131,2627321
2023-09-14,80.53134,80.91727,80.44558,80.83151,1360455
2023-09-15,82.24661,82.67542,80.91728,81.19172,4692649
2023-09-18,81.46614,82.03218,81.17455,81.62051,1522474
2023-09-19,82.07507,83.00989,81.69772,82.40097,3006186
2023-09-20,82.50389,82.73545,81.17457,81.48331,1882996
2023-09-21,81.47473,82.27233,80.40269,81.93785,2113012
2023-09-22,82.28091,82.92413,81.38897,82.34094,2727059
2023-09-25,82.67541,83.10423,82.11795,82.88124,3129427
2023-09-26,82.36667,83.01847,82.11795,82.32378,1851960
2023-09-27,82.49532,84.26203,81.90355,83.88467,6830288
2023-09-28,83.88467,83.88467,83.88467,83.88467,0
2023-09-29,83.88467,83.88467,83.88467,83.88467,0
2023-10-02,82.76118,85.52274,82.76118,85.21400,17023821
2023-10-03,85.53131,86.10592,84.15910,84.51931,9902658
2023-10-04,84.04762,84.90525,83.92755,84.10765,5097021
2023-10-05,84.04762,84.42498,83.10423,83.50732,4933716
2023-10-06,83.24145,83.53304,81.92070,82.23802,5482386
2023-10-09,81.60338,82.70972,81.46615,81.91212,3007680
2023-10-10,81.91213,82.49532,81.56050,81.90356,3328348
2023-10-11,81.91212,83.27575,81.91212,83.05276,5898265
2023-10-12,83.31864,84.34779,83.01847,83.43013,7861597
2023-10-13,83.26717,85.97728,83.11280,84.70798,12277567
2023-10-16,85.24831,86.36323,83.79034,84.61367,5472397
2023-10-17,85.57529,85.57529,83.54618,83.86378,5148182
2023-10-18,83.81965,84.14606,82.44338,82.59336,4370844
2023-10-19,82.53162,86.89860,82.53162,86.25458,18109346
2023-10-20,86.36045,86.36927,85.09005,85.65467,5635981
2023-10-23,86.36928,92.07724,86.19283,90.38337,27498695
2023-10-24,90.51570,90.64803,87.78964,89.12179,13018300
2023-10-25,89.55410,90.65687,88.39838,88.91007,13945391
2023-10-26,89.36882,89.63348,88.04549,88.38073,7394331
2023-10-27,88.57482,88.83067,87.16327,87.48087,4521193
2023-10-30,87.77200,89.00711,87.11916,88.37191,5020490
2023-10-31,89.99520,89.99520,88.31898,88.54836,7538611
2023-11-01,88.88360,91.04504,88.44249,88.61012,11174138
2023-11-02,89.09532,89.89814,87.51615,88.46012,8186728
2023-11-03,88.75126,89.78345,88.17781,89.54526,8746576
2023-11-06,89.63349,90.03049,88.66305,89.66878,7410364
2023-11-07,90.00401,90.86859,89.45704,89.56290,12020957
2023-11-08,89.58938,90.94799,89.20120,90.22457,12279739
2023-11-09,90.22457,90.22457,90.22457,90.22457,0
2023-11-10,91.41656,93.92604,91.19250,93.13734,17303084
2023-11-13,93.21802,94.10529,92.36658,92.79678,12985882
2023-11-14,92.59961,93.19113,91.41657,92.82367,10515770
2023-11-15,93.43312,96.70440,92.94915,95.68269,18992131
2023-11-16,96.79402,102.79883,95.47654,102.02806,28731264
2023-11-17,102.52995,102.60166,98.67612,99.76953,13821022
2023-11-20,99.48274,99.75161,98.13837,98.43414,4718564
2023-11-21,98.57754,99.21387,96.70440,97.08978,5270511
2023-11-22,97.24213,100.06529,96.92845,99.18697,9958383
2023-11-23,99.47377,100.12803,96.12183,96.81194,12035986
2023-11-24,97.42139,98.54169,96.07703,96.43552,9868458
2023-11-27,96.81194,98.13838,95.71853,97.32280,8516642
2023-11-28,97.70818,98.72094,96.43552,97.67234,12904027
2023-11-29,97.60960,99.07944,96.39072,96.88364,11777293
2023-11-30,97.60063,98.03979,96.61477,97.51101,5559771
2023-12-01,97.78886,99.57237,97.51102,98.91812,8578061
2023-12-04,99.69784,105.62199,99.69784,103.41724,23810103
2023-12-05,103.87432,110.14801,101.54410,109.00082,31154943
2023-12-06,109.32347,111.76124,107.53995,110.32726,28693019
2023-12-07,109.33241,111.58198,107.80881,109.20694,17176383
2023-12-08,111.13387,113.34759,109.56545,112.37068,17924383
2023-12-11,111.58199,113.82259,109.12629,112.24521,11190926
2023-12-12,112.25417,113.68816,111.85983,112.21832,9144317
2023-12-13,114.58440,115.52545,107.77297,109.78951,18895028
2023-12-14,110.23762,113.82259,107.90740,112.02114,12357484
2023-12-15,114.18109,115.39102,111.85087,113.59853,17093245
2023-12-18,114.49477,114.49477,110.68574,111.21452,6701981
2023-12-19,111.13387,111.13387,103.24695,105.32623,11777994
2023-12-20,105.80125,106.83192,100.39691,102.81676,13742412
2023-12-21,103.24695,104.94085,101.81297,104.52858,9371700
2023-12-22,104.77056,104.86019,101.14975,101.82193,4196705
2023-12-25,101.82193,101.82193,101.82193,101.82193,0
2023-12-26,101.27524,101.36486,94.18597,94.18597,10515065
2023-12-27,94.01568,96.78506,93.20906,96.07703,8314253
2023-12-28,97.01808,100.37898,96.35486,98.72990,12285704
2023-12-29,99.07047,103.87432,98.31763,100.78229,10443776
2024-01-01,101.27522,108.33760,101.27522,108.33760,10262639
2024-01-02,111.13388,113.55373,108.90224,110.16594,24573372
2024-01-03,111.13387,114.80846,109.52063,114.17213,17714428
2024-01-04,114.71884,115.07733,111.08906,112.57682,7826527
2024-01-05,112.56785,114.13627,108.44514,112.06596,7662088
2024-01-08,112.21832,112.74711,110.28245,110.57820,2819259
2024-01-09,111.52821,112.03011,109.17110,109.79847,4622420
2024-01-10,110.01356,113.55371,109.34138,109.94186,18027804
2024-01-11,110.68574,115.12213,110.14800,113.87636,11335960
2024-01-12,115.16695,116.06320,112.83673,114.29760,16501298
2024-01-15,115.25658,119.91703,115.17591,116.77122,18594025
2024-01-16,115.82122,116.39481,112.93532,113.30278,9848693
2024-01-17,112.03011,115.18488,110.73057,113.27589,10097639
2024-01-18,112.83672,112.83672,109.78950,111.32207,6663481
2024-01-19,111.94048,112.90843,110.41687,111.32207,2989138
2024-01-22,111.58199,119.67505,111.58199,119.67505,16631096
2024-01-23,120.93877,124.48788,114.00186,122.33691,52947125
2024-01-24,121.88877,131.51440,120.81328,130.73466,33646470
2024-01-25,128.95113,133.40545,120.92976,121.27034,49679574
2024-01-26,121.00148,128.34169,119.98873,126.70157,31070396
2024-01-29,125.92184,126.18174,122.33688,123.33170,7102542
2024-01-30,123.65436,125.47373,116.55613,120.34723,17143209
2024-01-31,121.79913,124.12937,120.67883,121.24347,6014807
2024-02-01,121.79017,130.04455,120.72364,129.29170,16985527
2024-02-02,130.04457,133.98802,126.63885,132.28517,13579691
2024-02-06,134.57055,142.13483,134.57055,139.42819,23123662
2024-02-07,139.81359,141.06832,134.52577,135.03662,24951384
2024-02-08,135.03662,135.03662,135.03662,135.03662,0
2024-02-09,130.85118,132.91254,124.90910,130.02664,18933926
2024-02-12,125.47372,126.36996,120.27552,120.27552,14939483
2024-02-13,111.25935,113.36551,111.25935,111.29520,14952555
2024-02-14,112.49615,114.71883,104.86018,109.35035,32231367
2024-02-15,110.68575,111.04425,101.40966,102.27005,12066082
2024-02-16,101.09598,104.14319,94.75059,96.73129,20693864
2024-02-19,93.65717,103.98187,93.65717,103.54271,12158845
2024-02-20,104.42103,106.41964,100.46860,101.28419,10492785
2024-02-21,104.85123,106.15078,102.61959,105.03944,6512111
2024-02-22,105.30830,106.11492,103.52479,104.58235,5780199
2024-02-23,103.96394,112.42446,103.96394,112.21832,16618638
2024-02-26,112.82776,116.28725,111.14283,112.03907,14939405
2024-02-27,112.42446,112.52305,107.77297,108.50789,10000500
2024-02-28,107.54891,111.77020,107.54891,110.38999,6716014
2024-02-29,110.46169,114.59336,110.46169,112.13766,10849918
2024-03-01,112.33483,112.73815,110.22867,110.53339,4787226
2024-03-04,112.03012,118.82363,111.40276,118.45617,20945917
2024-03-05,119.63921,119.63921,114.04666,114.70092,10469000
2024-03-06,113.92118,117.99011,113.92118,115.29243,11204196
2024-03-07,114.71883,118.21417,114.58439,117.72124,9797618
2024-03-08,118.77192,119.50282,117.40147,117.95879,6231759
2024-03-11,118.77192,119.09170,116.48784,116.82589,4226173
2024-03-12,116.99035,117.39235,112.37651,112.91555,4054404
2024-03-13,113.88400,114.20377,110.10157,111.04261,4044182
2024-03-14,111.93796,116.48784,111.93796,115.84830,3554520
2024-03-15,117.08169,117.83088,112.37651,113.00691,8016182
2024-03-18,113.33582,114.56922,112.11156,112.67801,3153698
2024-03-19,112.37651,114.19464,111.49029,112.44047,4296717
2024-03-20,112.48615,114.06672,110.64975,111.56338,5328271
2024-03-21,111.49028,112.37651,108.90471,109.78180,4601392
2024-03-22,109.45290,109.49858,107.13228,107.79922,3524802
2024-03-26,111.09741,113.64644,110.69542,111.81918,20903604
2024-03-27,112.56837,113.04346,111.65474,112.07500,4512518
2024-03-28,112.19379,113.01605,111.32583,112.20292,4201030
2024-03-29,112.39477,112.83332,110.73197,111.14310,2792424
2024-04-01,110.91471,111.82834,108.72199,109.42548,1842893
2024-04-02,109.63561,109.63561,108.03676,108.79507,2001159
2024-04-03,109.17880,112.37651,108.50272,111.59992,5586893
2024-04-04,114.75194,117.84915,114.22203,114.47785,7916927
2024-04-08,115.52853,118.22373,115.52853,117.08170,5865538
2024-04-09,117.40147,118.68055,116.03103,117.12738,4868813
2024-04-15,118.76279,123.06598,116.39649,121.57677,15716557
2024-04-16,122.47213,124.80189,121.54022,121.87826,10709918
2024-04-17,121.48541,121.48541,119.68555,119.90483,4282994
2024-04-18,120.41645,122.24371,118.58005,120.21545,7638371
2024-04-19,121.11081,123.69638,119.82258,122.28025,8418350
2024-04-22,122.42644,126.08096,120.78190,123.97047,12878056
2024-04-23,124.07098,124.13493,121.96963,122.60004,3461267
2024-04-24,122.42644,123.88825,122.23457,122.75535,4954424
2024-04-25,123.34005,125.62412,121.74120,124.70136,8800644
2024-04-26,125.48712,127.36005,123.66899,125.30438,7239643
2024-04-29,125.98959,126.35505,122.35335,122.62744,5410125
2024-04-30,122.52694,125.94392,121.52194,122.03358,13576160
2024-05-02,122.07926,123.56848,120.26115,121.05600,7309709
2024-05-03,121.74123,127.45142,120.60832,126.39160,16078368
2024-05-06,127.08597,128.36504,124.57348,125.13993,11672431
2024-05-07,124.61915,124.98461,122.70053,123.19389,6653585
2024-05-08,123.34226,125.28978,123.34226,123.95434,10021600
2024-05-09,123.53702,124.96519,123.14751,123.76887,2595611
2024-05-10,124.36239,126.11515,123.80596,124.18619,3471449
2024-05-13,124.26038,127.35785,123.06405,125.03011,8980112
2024-05-14,125.75347,129.92670,124.96518,129.28680,18217177
2024-05-15,129.83397,131.68874,128.62837,129.20335,13245266
2024-05-16,129.64850,130.10291,127.71026,127.96065,3342683
2024-05-17,127.97919,129.08278,127.05181,128.06265,2602794
2024-05-20,128.21104,128.21104,125.79983,126.25426,3681647
2024-05-21,126.14298,127.14456,125.01157,125.46598,2288452
2024-05-22,125.19703,127.69170,124.96518,125.99458,4399729
2024-05-23,126.14298,130.25129,125.67000,129.42592,15108766
2024-05-24,130.76135,130.85409,128.72110,129.05496,5798540
2024-05-27,129.37029,129.37029,126.77360,127.03327,2712134
2024-05-28,127.03327,127.03327,127.03327,127.03327,0
2024-05-29,127.01471,127.01471,121.95118,122.97131,9766932
2024-05-30,123.80596,123.80596,121.48749,122.52616,6987345
2024-05-31,123.15679,124.50150,122.13666,123.77814,5355724
2024-06-03,124.26039,124.26966,122.32214,122.57254,3160346
2024-06-04,122.89713,123.15680,119.49363,120.10569,5736630
2024-06-05,120.09641,120.46736,117.26789,117.49046,3736797
2024-06-06,117.44409,119.26178,115.45949,116.05302,4733764
2024-06-07,115.91391,115.91391,111.62011,114.79177,6549772
2024-06-10,114.79177,114.85668,111.52737,112.41766,3376152
2024-06-11,114.06841,114.06841,109.71897,110.19194,5615593
2024-06-12,109.89518,111.61084,109.89518,110.47016,4617127
2024-06-13,113.14103,119.86457,112.58460,119.86457,17606435
2024-06-14,122.40561,124.22328,121.02380,121.68225,11098685
2024-06-20,122.13667,125.42889,122.09029,124.60352,8402049
2024-06-21,125.93895,125.93895,123.01768,124.03781,4950071
2024-06-24,124.26965,124.91882,121.49677,122.08102,4313719
2024-06-25,122.32214,122.32214,119.41015,119.67910,3198079
2024-06-26,119.63272,128.35014,118.02834,125.51234,27462390
2024-06-27,126.11514,127.97918,125.19703,127.20945,16928743
2024-06-28,127.05181,127.40422,125.10430,125.54017,4871292
2024-07-01,125.19704,127.39494,124.50150,125.68855,8319346
2024-07-02,126.13370,127.33004,125.42889,125.88332,4774175
2024-07-03,126.12444,129.09207,126.12444,126.81998,7030126
2024-07-04,127.42275,128.57272,124.82609,125.44743,4895636
2024-07-05,125.19703,125.64217,122.87856,123.29588,5330385
2024-07-08,124.08419,124.73336,122.87858,123.86161,3066480
2024-07-09,124.50149,125.55871,124.17690,124.45512,3303402
2024-07-10,124.74260,125.08575,122.36850,123.46282,3920835
2024-07-11,123.34227,125.00228,122.87858,123.02696,3392575
2024-07-12,123.34227,123.48138,119.67910,121.32985,3416381
2024-07-15,123.34227,125.01157,122.53545,123.09187,3879184
2024-07-16,123.09187,123.09187,123.09187,123.09187,0
2024-07-17,123.09187,123.09187,123.09187,123.09187,0
2024-07-18,123.57412,127.49695,123.06405,126.80141,8532750
2024-07-19,127.28366,127.65461,123.62049,124.27893,5116199
2024-07-22,124.03780,124.03780,119.63272,120.31899,3758064
2024-07-23,120.56011,122.60036,120.55084,122.29432,2329756
2024-07-24,122.60036,123.23099,121.76571,122.27578,1291235
2024-07-25,122.41488,122.85076,121.20928,121.76572,1138719
2024-07-26,121.76572,122.97132,118.97428,119.66982,3538925
2024-07-29,119.66981,124.90954,119.66981,123.05477,5897164
2024-07-30,123.80596,124.65915,121.04235,122.09957,3516742
2024-07-31,122.22013,122.55399,119.67910,119.84602,1132394
2024-08-01,120.52302,120.78269,118.75171,119.15048,952493
2024-08-02,119.82749,121.95120,119.17831,121.01454,1236400
2024-08-05,121.94192,124.91882,119.49362,119.86457,6768020
2024-08-06,121.48751,122.41489,119.67911,120.26335,2302149
2024-08-07,120.56011,121.67297,119.49362,119.76256,2213452
2024-08-08,120.28189,129.81541,119.63272,128.48926,24259389
2024-08-09,130.20493,130.86338,125.38252,125.95751,8579756
2024-08-12,125.19704,127.14456,123.43502,123.84306,4634802
2024-08-13,123.84305,125.19704,123.13824,124.13055,2670708
2024-08-15,124.64061,125.89259,122.41489,122.65601,4156156
2024-08-16,122.88785,123.66686,121.58025,121.78427,2117011
2024-08-19,123.11043,123.94507,122.04394,122.25723,1729436
2024-08-20,122.64673,123.56485,121.96046,123.20317,942044
2024-08-21,124.26966,125.17849,123.34227,124.33458,2916406
2024-08-22,124.82610,126.91271,124.27893,125.14140,4247613
2024-08-23,125.21559,126.40264,124.54787,125.22486,2543680
2024-08-26,126.02241,126.12443,124.26966,124.80754,1162536
2024-08-27,125.67000,126.56030,123.25881,123.43501,3196959
2024-08-28,123.86161,123.86161,122.87858,122.98986,781528
2024-08-29,122.90639,123.77814,122.34069,123.21243,1144541
2024-08-30,123.38864,124.64060,122.97132,123.24952,1303913
2024-09-02,123.57411,126.12442,122.56327,123.48137,3098055
2024-09-03,123.80597,124.91883,123.80597,124.31603,1144426
2024-09-04,124.82610,128.62838,124.82610,127.71027,12999171
2024-09-05,127.69170,128.58198,126.54174,127.23727,3485543
2024-09-06,127.28366,127.87719,126.58812,126.81070,1320815
2024-09-09,127.33003,128.62837,126.12443,126.45829,2074252
2024-09-10,126.53248,126.81070,125.19704,126.18935,1678777
2024-09-11,126.12443,127.82155,124.82610,127.10746,4187698
2024-09-12,127.10745,129.37027,127.05181,128.46144,5114698
2024-09-13,129.93598,133.91446,129.28682,131.72583,14126352
2024-09-16,131.68875,134.00721,130.25130,130.78918,6930981
2024-09-17,130.78918,130.78918,130.78918,130.78918,0
2024-09-18,131.13230,133.02417,130.52950,131.93913,4283261
2024-09-19,132.56974,137.25304,131.73510,135.26843,11439004
2024-09-20,135.38901,135.75996,130.11219,131.03029,29408063
2024-09-23,131.67018,133.54350,127.23727,128.54489,23080653
2024-09-24,129.31464,130.01944,126.86634,129.62994,7695595
2024-09-25,129.64849,134.33179,128.96222,133.80318,12712592
2024-09-26,134.93458,135.58375,132.56975,133.13545,9855544
2024-09-27,133.31166,134.09066,132.43065,133.40440,3487462
2024-09-30,133.97011,134.09995,132.15243,133.01489,2600225
2024-10-01,133.35804,136.09382,132.34719,135.44466,5724789
2024-10-02,134.65637,137.67037,134.20196,137.03047,5426787
2024-10-03,137.67038,139.10783,137.16032,138.68123,5346618
2024-10-04,139.10782,144.48666,138.19899,143.79112,11575579
2024-10-07,143.73548,157.47005,143.37380,154.79918,20721547
2024-10-08,156.82088,161.86584,156.26444,159.64012,16675823
2024-10-09,159.64012,159.64012,159.64012,159.64012,0
2024-10-10,157.19183,160.66952,155.80075,158.08212,8150018
2024-10-11,158.58290,162.38519,155.99550,157.65552,5637289
2024-10-14,157.64626,157.65553,154.68790,154.92902,3004782
2024-10-15,154.87337,158.81476,152.09121,157.98012,4933844
2024-10-16,158.59742,162.25371,158.59742,161.02861,6089810
2024-10-17,161.44646,162.63357,159.08174,159.54709,2499500
2024-10-18,160.05991,160.05991,156.22319,157.34381,2317889
2024-10-21,157.17289,159.11975,157.17289,158.47395,2235332
2024-10-22,158.12256,160.89563,158.12256,158.56891,3315231
2024-10-23,158.97727,161.25653,157.70470,160.62973,4641922
2024-10-24,160.95264,168.80654,160.68673,166.49881,10907595
2024-10-25,168.18924,173.60244,164.29552,166.76471,22422781
2024-10-28,167.61942,171.03829,165.24521,165.70105,7324646
2024-10-29,166.19489,167.14457,164.19105,166.46080,4841297
2024-10-30,167.41049,172.03546,163.82068,165.15974,9305622
2024-10-31,165.29269,166.19489,161.94980,163.46930,4569439
2024-11-01,163.33635,171.89300,161.55093,170.45898,14105623
2024-11-04,172.35836,173.31753,167.62891,171.55112,9465022
2024-11-05,171.37068,176.45150,171.08577,174.08678,10140999
2024-11-06,175.81501,176.20120,171.75996,172.37787,8019798
2024-11-07,172.35855,177.74596,172.35855,176.89633,7976658
2024-11-08,176.73220,186.82153,175.23570,184.80367,10745580
2024-11-11,185.18020,192.61444,185.18020,190.81863,10975597
2024-11-12,192.61446,192.61446,186.53189,187.97047,6020079
2024-11-13,187.97046,189.12904,182.43823,183.53888,6479629
2024-11-14,184.40782,189.82419,184.40782,188.14424,8132920
2024-11-15,187.98011,191.16622,186.62844,187.47806,6608871
2024-11-18,187.30428,189.13870,184.84229,187.40083,3202280
2024-11-19,187.78702,189.71799,187.40083,188.72354,2645343
2024-11-20,189.21594,191.93861,186.33879,188.21184,6023711
2024-11-21,188.26012,194.54543,187.01463,192.76894,9205022
2024-11-22,192.09310,196.23503,186.91810,187.97047,8790620
2024-11-25,187.31392,188.75250,185.37330,186.16501,4085788
2024-11-26,185.37331,185.37331,171.61513,173.33369,8464314
2024-11-27,183.44234,183.97336,177.64942,181.79135,7510180
2024-11-28,182.37063,188.12494,182.28374,186.93738,11210333
2024-11-29,187.30428,190.92485,184.16645,188.51114,7945611
2024-12-02,188.51114,195.88745,183.63543,185.14159,19610982
2024-12-03,184.89056,186.58016,182.18720,185.24779,6046821
2024-12-04,185.46985,187.11118,183.92507,186.27119,4666041
2024-12-05,186.82152,191.35930,185.66294,190.59657,8146703
2024-12-06,191.35932,192.03516,187.31393,188.05736,3278432
2024-12-09,188.13460,192.39239,186.33879,190.26833,6763850
2024-12-10,191.16622,191.55241,183.78026,187.07256,5333706
2024-12-11,187.30427,199.75903,187.01462,197.77980,17784563
2024-12-12,199.28596,207.56983,199.28596,206.04436,20627002
2024-12-13,206.72985,217.23435,205.64851,215.25510,17022257
2024-12-16,217.47572,227.37195,217.47572,225.23822,12688572
2024-12-17,227.27539,227.84504,209.26909,214.97511,9567963
2024-12-18,220.13079,224.95822,209.51045,213.14067,13982326
2024-12-19,214.24133,216.26885,201.78657,203.88167,14172158
2024-12-20,202.75205,209.01806,199.38250,207.26086,6057125
2024-12-23,209.50081,225.92372,208.05258,224.56238,14962519
2024-12-24,225.82716,246.58511,219.16531,222.18729,23055594
2024-12-26,223.99274,223.99274,209.99319,211.84692,9133140
2024-12-27,210.47594,217.62053,209.07598,213.46895,5769967
2024-12-30,215.73783,219.35840,214.62753,217.67847,5797617
2024-12-31,226.87954,226.87954,218.21913,219.41632,8597991
2025-01-01,219.41632,219.41632,219.41632,219.41632,0
2025-01-02,221.24109,223.26862,214.43443,215.55438,5672947
2025-01-03,216.51023,216.51023,210.48560,214.41513,3513730
2025-01-06,216.25920,217.12814,202.84861,206.18918,6175293
2025-01-07,206.18918,211.91452,198.69702,210.84283,6978698
2025-01-08,212.40691,215.30337,204.20028,205.60023,4029719
2025-01-09,206.13125,209.41390,200.92729,205.67747,5564192
2025-01-10,205.06921,222.06177,201.87345,217.19572,10277964
2025-01-13,219.35840,220.85491,214.53097,217.14745,7647826
2025-01-14,218.08397,218.08397,213.37239,214.48270,3374101
2025-01-15,215.29371,218.42187,211.82760,214.11581,5707634
2025-01-16,214.81097,214.82061,210.48558,211.20004,2698464
2025-01-17,210.47594,215.59302,209.26908,214.25099,4628837
2025-01-20,215.30338,218.05502,214.34755,214.85925,3836160
2025-01-21,214.43444,217.47571,209.52010,210.69800,3403901
2025-01-22,210.47593,211.44142,205.64850,206.60434,3247822
2025-01-23,206.61401,210.47595,205.16578,206.52711,3076058
2025-01-24,207.33811,209.02771,204.48993,205.09818,2141455
2025-01-27,205.64852,206.17954,201.69002,201.89278,2895036
2025-01-28,201.30381,201.30381,194.28473,196.57294,5222551
2025-01-29,196.95914,198.86114,194.15923,196.22537,3818978
2025-01-30,196.95915,200.82109,195.99366,199.73009,4297134
2025-01-31,199.85559,203.62097,198.55217,199.38249,3987393
2025-02-03,201.78657,201.78657,195.07644,195.69435,1832312
2025-02-04,195.99365,197.24878,191.64896,192.98134,2904113
2025-02-06,193.10684,193.77303,185.51812,188.69458,6279265
2025-02-07,189.71799,193.08754,188.77182,191.65862,2347359
2025-02-10,191.64897,195.88745,189.62144,194.03372,2117785
2025-02-11,195.21162,202.85826,194.56474,201.00453,7363546
2025-02-12,201.00452,203.10927,198.89975,201.88312,2897545
2025-02-13,201.88313,205.26233,198.74530,199.30527,2869697
2025-02-14,199.31492,200.82107,194.06267,194.89299,1333952
2025-02-17,195.84884,195.84884,192.13172,192.55653,939284
2025-02-18,193.96612,199.15079,192.13170,198.63908,2120629
2025-02-19,199.42112,200.33833,196.42811,197.73152,1317290
2025-02-20,197.73153,201.30383,196.95914,197.74118,3826377
2025-02-21,198.02117,198.41701,195.02816,195.75227,825161
2025-02-24,195.52056,204.44166,194.06268,203.10928,6338246
2025-02-25,204.36441,210.47593,204.36441,205.96712,8383991
2025-02-26,205.55196,206.61400,200.92729,201.67072,2763837
2025-02-27,201.01418,206.75882,201.01418,204.78923,4496538
2025-02-28,205.64852,207.33812,204.24857,205.25267,5000445
2025-03-03,205.31058,206.61399,203.92994,204.45129,1565677
2025-03-04,204.45129,204.45129,204.45129,204.45129,0
2025-03-05,206.12160,207.33811,205.21404,205.56161,2303682
2025-03-06,205.55196,216.26886,204.31614,214.89787,18047822
2025-03-07,215.85371,220.13081,215.06200,216.11438,8869795
2025-03-10,213.12521,216.22253,209.44775,211.17833,6097137
2025-03-11,210.91285,216.32087,207.27473,215.16061,8137145
2025-03-12,216.26187,218.09076,212.48609,213.60703,4562038
2025-03-13,213.60702,216.12421,213.12521,214.62962,3103443
2025-03-14,215.23926,216.22254,214.25598,214.93445,1589442
2025-03-17,214.35432,219.66400,214.35432,217.67780,4231096
2025-03-18,219.71317,222.70234,218.26776,219.32970,5498200
2025-03-19,219.76233,223.18413,217.79578,221.70921,4159013
2025-03-20,222.31886,225.89799,221.82723,223.01698,4915163
2025-03-21,223.00715,225.31784,222.71217,223.54796,3217231
2025-03-24,224.18708,224.18708,212.68275,214.52147,3951500
2025-03-25,214.60996,221.23725,211.60113,220.44080,6130175
2025-03-26,229.11330,231.07002,224.43291,228.85765,8944307
2025-03-27,229.53610,230.07691,226.54693,228.83797,2613031
2025-03-28,228.83797,228.83797,228.83797,228.83797,0
2025-03-31,228.83797,228.83797,228.83797,228.83797,0
2025-04-03,228.99530,232.05329,226.17330,230.75536,3179307
2025-04-04,231.07002,231.75831,222.23036,222.97766,4442709
2025-04-07,220.25397,220.25397,200.67692,209.50676,11609437
2025-04-08,212.37794,214.50180,210.47038,211.29633,6186423
2025-04-09,208.45465,210.22455,201.57171,205.03285,5505908
2025-04-10,213.37103,215.33759,210.42120,211.15866,5634924
2025-04-11,211.15867,211.15867,208.20884,208.61198,2693355
2025-04-14,209.92956,211.40448,206.93057,208.47432,2030494
2025-04-15,209.33959,213.17438,208.02200,210.73586,5788920
2025-04-16,212.38776,213.37104,206.58643,208.15967,3196077
2025-04-17,209.33959,211.09966,207.48120,210.49986,1864871
2025-04-18,213.07606,213.07606,208.94630,209.31995,1714126
2025-04-21,210.32287,211.40448,207.98268,208.68080,2898447
2025-04-22,208.93646,211.39465,207.96301,209.71324,2071864
2025-04-23,209.71325,213.51853,207.52055,210.77519,5146592
2025-04-24,208.25800,210.42121,206.48810,208.14984,3503471
2025-04-25,208.45466,210.12623,203.74477,208.81847,4086778
2025-04-28,208.81846,209.97873,204.02991,204.52155,1711531
2025-04-29,202.67298,205.50482,200.58844,204.33472,2656000
2025-04-30,203.53826,203.53826,193.80383,197.02898,5330775
2025-05-02,199.60516,201.06041,198.86771,199.85098,2120764
2025-05-05,200.58844,200.58844,196.17353,196.87166,1963019
2025-05-06,197.54028,204.42322,196.67501,199.53633,5936784
2025-05-07,186.93072,198.61205,186.93072,193.34169,8425414
2025-05-08,194.46263,197.12730,174.01047,176.39000,10630815
2025-05-09,179.99001,185.75000,174.25999,184.55000,9341157
2025-05-12,203.00999,203.00999,202.89999,203.00999,3446509
2025-05-13,209.00000,219.99001,203.50000,218.66000,30912153
2025-05-14,217.89999,217.89999,211.50000,212.67000,9743491
2025-05-15,213.05000,215.89999,211.35001,213.73000,6853346
2025-05-16,214.89000,214.89000,211.00000,211.50000,2618444
2025-05-19,213.00000,213.50999,209.39999,211.70000,4668009
2025-05-20,210.98000,212.00000,209.50000,209.70000,1452810
2025-05-21,210.30000,214.50000,209.50000,213.74001,4447556
2025-05-22,213.74001,216.50000,210.45000,211.89999,5090695
2025-05-23,212.80000,213.70000,210.60001,212.37000,1694126
2025-05-26,213.00000,213.80000,207.14999,208.95000,3432433
2025-05-27,209.25000,210.89999,208.00000,209.41000,4443220
2025-05-28,209.41000,209.41000,209.41000,209.41000,0
2025-05-29,210.47000,211.14999,208.80000,209.17000,2255894
2025-05-30,209.10001,210.10001,207.50000,209.49001,1912843
2025-06-02,211.38000,213.50000,206.50000,207.98000,3666183
2025-06-03,208.00000,210.00000,207.25000,209.14999,1909426
2025-06-04,209.14999,213.13000,208.95000,211.89000,4379550
2025-06-05,211.89000,212.50000,209.50000,209.95000,2233027
2025-06-06,209.95000,209.95000,209.95000,209.95000,0
2025-06-09,209.95000,209.95000,209.95000,209.95000,0
2025-06-10,210.00000,211.39000,209.00000,210.32001,1191479
2025-06-11,212.64999,216.45000,212.10001,215.31000,8783176
2025-06-12,217.00000,218.99001,211.25999,212.05000,8617378
2025-06-13,211.00000,212.20000,208.23000,208.86000,5201407
2025-06-16,208.86000,208.86000,208.86000,208.86000,0
2025-06-17,209.39999,214.39999,209.39999,213.05000,4640665
2025-06-18,214.25999,214.25999,210.50000,211.17000,3680503
2025-06-19,213.55000,216.00999,209.85001,210.67999,4400385
2025-06-20,211.00000,215.00000,210.11000,212.25000,2708653
